-- MySQL dump 10.13  Distrib 8.0.19, for Linux (x86_64)
--
-- Host: localhost    Database: vk
-- ------------------------------------------------------
-- Server version	8.0.19

/*!40101 SET @OLD_CHARACTER_SET_CLIENT=@@CHARACTER_SET_CLIENT */;
/*!40101 SET @OLD_CHARACTER_SET_RESULTS=@@CHARACTER_SET_RESULTS */;
/*!40101 SET @OLD_COLLATION_CONNECTION=@@COLLATION_CONNECTION */;
/*!50503 SET NAMES utf8mb4 */;
/*!40103 SET @OLD_TIME_ZONE=@@TIME_ZONE */;
/*!40103 SET TIME_ZONE='+00:00' */;
/*!40014 SET @OLD_UNIQUE_CHECKS=@@UNIQUE_CHECKS, UNIQUE_CHECKS=0 */;
/*!40014 SET @OLD_FOREIGN_KEY_CHECKS=@@FOREIGN_KEY_CHECKS, FOREIGN_KEY_CHECKS=0 */;
/*!40101 SET @OLD_SQL_MODE=@@SQL_MODE, SQL_MODE='NO_AUTO_VALUE_ON_ZERO' */;
/*!40111 SET @OLD_SQL_NOTES=@@SQL_NOTES, SQL_NOTES=0 */;

--
-- Table structure for table `communities`
--

DROP TABLE IF EXISTS `communities`;
/*!40101 SET @saved_cs_client     = @@character_set_client */;
/*!50503 SET character_set_client = utf8mb4 */;
CREATE TABLE `communities` (
  `id` int unsigned NOT NULL AUTO_INCREMENT,
  `name` varchar(150) NOT NULL,
  PRIMARY KEY (`id`),
  UNIQUE KEY `name` (`name`)
) ENGINE=InnoDB AUTO_INCREMENT=21 DEFAULT CHARSET=utf8mb4 COLLATE=utf8mb4_0900_ai_ci;
/*!40101 SET character_set_client = @saved_cs_client */;

--
-- Dumping data for table `communities`
--

LOCK TABLES `communities` WRITE;
/*!40000 ALTER TABLE `communities` DISABLE KEYS */;
INSERT INTO `communities` VALUES (1,'alias'),(2,'asperiores'),(3,'at'),(4,'autem'),(5,'consectetur'),(6,'debitis'),(7,'dolor'),(8,'dolore'),(9,'dolorem'),(10,'doloremque'),(11,'dolores'),(12,'ducimus'),(13,'ea'),(14,'eos'),(15,'est'),(16,'et'),(17,'hic'),(18,'in'),(19,'ipsa'),(20,'ipsam');
/*!40000 ALTER TABLE `communities` ENABLE KEYS */;
UNLOCK TABLES;

--
-- Table structure for table `communities_users`
--

DROP TABLE IF EXISTS `communities_users`;
/*!40101 SET @saved_cs_client     = @@character_set_client */;
/*!50503 SET character_set_client = utf8mb4 */;
CREATE TABLE `communities_users` (
  `community_id` int unsigned NOT NULL,
  `user_id` int unsigned NOT NULL,
  PRIMARY KEY (`community_id`,`user_id`)
) ENGINE=InnoDB DEFAULT CHARSET=utf8mb4 COLLATE=utf8mb4_0900_ai_ci;
/*!40101 SET character_set_client = @saved_cs_client */;

--
-- Dumping data for table `communities_users`
--

LOCK TABLES `communities_users` WRITE;
/*!40000 ALTER TABLE `communities_users` DISABLE KEYS */;
INSERT INTO `communities_users` VALUES (1,72),(1,77),(1,86),(2,10),(2,18),(3,63),(3,66),(3,67),(3,89),(4,15),(4,44),(4,61),(4,71),(4,75),(4,96),(5,19),(5,48),(6,6),(6,9),(6,17),(6,39),(6,46),(6,90),(7,59),(7,68),(7,70),(8,64),(8,85),(8,93),(8,99),(9,2),(9,42),(9,93),(9,99),(10,3),(10,12),(10,37),(10,67),(10,85),(10,86),(11,8),(11,12),(11,25),(11,29),(11,66),(12,32),(12,46),(12,90),(12,94),(13,11),(13,23),(13,32),(13,41),(13,47),(13,48),(13,53),(13,75),(14,15),(14,48),(14,85),(14,91),(14,94),(15,30),(15,38),(15,63),(15,73),(15,83),(16,15),(16,18),(16,24),(16,33),(16,35),(16,41),(16,43),(16,46),(17,6),(17,13),(17,22),(17,50),(17,64),(17,78),(17,84),(18,20),(18,26),(18,38),(18,43),(18,50),(18,65),(18,71),(19,7),(19,46),(19,61),(19,69),(19,71),(19,72),(19,84),(19,86),(20,7),(20,37),(20,71);
/*!40000 ALTER TABLE `communities_users` ENABLE KEYS */;
UNLOCK TABLES;

--
-- Table structure for table `friendship`
--

DROP TABLE IF EXISTS `friendship`;
/*!40101 SET @saved_cs_client     = @@character_set_client */;
/*!50503 SET character_set_client = utf8mb4 */;
CREATE TABLE `friendship` (
  `user_id` int unsigned NOT NULL,
  `friend_id` int unsigned NOT NULL,
  `status_id` int unsigned NOT NULL,
  `requested_at` datetime DEFAULT CURRENT_TIMESTAMP,
  `confirmed_at` datetime DEFAULT NULL,
  PRIMARY KEY (`user_id`,`friend_id`)
) ENGINE=InnoDB DEFAULT CHARSET=utf8mb4 COLLATE=utf8mb4_0900_ai_ci;
/*!40101 SET character_set_client = @saved_cs_client */;

--
-- Dumping data for table `friendship`
--

LOCK TABLES `friendship` WRITE;
/*!40000 ALTER TABLE `friendship` DISABLE KEYS */;
INSERT INTO `friendship` VALUES (1,41,2,'2011-04-22 10:23:57','2016-06-10 00:25:56'),(1,83,3,'2012-11-23 18:00:17','2019-04-06 21:25:43'),(3,26,3,'2020-04-25 14:56:49','2017-09-08 17:02:07'),(3,29,1,'2017-08-19 08:43:22','2012-05-15 05:48:18'),(4,32,1,'2017-07-17 00:33:16','2013-01-06 05:30:14'),(4,49,1,'2012-03-19 14:20:11','2010-11-24 03:47:33'),(5,77,3,'2015-06-19 13:02:45','2011-03-14 18:29:31'),(5,93,1,'2019-09-28 23:03:41','2010-05-12 16:21:10'),(7,97,2,'2015-04-19 03:51:15','2010-11-25 09:00:27'),(10,3,3,'2017-03-30 17:08:23','2019-09-03 03:27:03'),(10,36,1,'2011-05-24 20:18:54','2016-04-11 02:00:02'),(11,6,2,'2011-06-01 21:29:16','2018-01-19 07:00:06'),(11,66,3,'2016-12-09 22:46:10','2013-03-09 08:57:12'),(13,58,3,'2017-04-06 20:05:24','2018-04-02 23:58:58'),(14,30,1,'2019-01-14 16:04:29','2015-04-19 05:39:01'),(14,48,1,'2016-04-25 09:20:21','2012-10-18 18:01:14'),(14,49,2,'2019-11-16 05:12:07','2012-07-09 22:39:03'),(14,96,1,'2012-07-24 01:23:51','2019-04-28 08:09:53'),(18,15,2,'2019-09-11 11:13:10','2014-04-20 06:39:42'),(19,18,1,'2020-03-02 21:52:36','2010-09-21 21:24:10'),(20,42,3,'2012-11-03 15:49:23','2013-05-02 00:19:05'),(21,25,3,'2013-06-02 16:42:00','2014-07-28 12:05:27'),(21,26,2,'2011-03-22 00:58:42','2011-02-15 22:34:39'),(21,58,3,'2012-02-18 01:26:53','2011-12-19 12:17:38'),(22,25,2,'2015-08-01 11:22:30','2013-01-23 07:01:44'),(22,100,2,'2018-10-30 15:41:24','2010-10-06 16:20:03'),(23,68,2,'2019-05-31 18:08:53','2015-08-26 16:27:21'),(23,87,2,'2014-12-01 15:41:20','2018-04-21 02:59:58'),(24,26,2,'2012-12-07 02:49:22','2018-04-13 22:35:16'),(24,51,1,'2019-02-19 15:22:21','2017-03-26 05:03:24'),(26,57,1,'2016-10-25 18:18:38','2010-09-08 01:44:50'),(26,60,2,'2011-07-22 22:37:12','2018-09-03 19:28:26'),(29,13,3,'2016-01-19 07:57:46','2019-06-15 17:42:38'),(29,23,1,'2016-12-08 13:22:47','2018-03-17 18:33:59'),(29,87,3,'2013-01-16 01:40:34','2018-02-09 20:23:03'),(32,3,1,'2017-03-16 23:47:49','2010-06-14 20:20:59'),(32,59,3,'2017-09-22 00:12:26','2020-04-20 20:42:10'),(33,12,1,'2014-08-15 02:19:06','2019-11-11 11:33:07'),(33,98,1,'2015-11-22 19:58:59','2011-03-28 07:28:14'),(34,63,3,'2018-02-21 02:27:26','2016-11-21 21:54:28'),(34,83,1,'2017-09-14 21:32:52','2015-05-20 07:09:55'),(35,24,2,'2015-01-19 15:31:41','2012-04-06 23:14:56'),(38,27,3,'2016-08-03 16:42:12','2013-08-07 13:56:05'),(38,63,3,'2012-09-07 23:21:14','2016-11-04 01:13:10'),(39,6,3,'2016-11-19 19:54:25','2019-10-24 12:01:47'),(40,1,2,'2016-06-11 01:08:20','2018-04-04 23:23:57'),(44,46,1,'2016-11-15 09:01:51','2017-12-11 16:51:01'),(45,88,2,'2017-05-30 16:51:52','2012-04-22 05:15:18'),(46,3,1,'2018-06-14 06:42:12','2011-05-28 21:06:39'),(46,82,1,'2012-09-27 15:05:16','2011-06-25 21:49:13'),(47,29,3,'2014-01-26 14:00:01','2016-08-22 03:40:35'),(47,39,3,'2015-12-06 02:08:30','2018-10-25 20:51:36'),(47,74,2,'2012-01-25 00:36:42','2010-10-17 10:47:20'),(49,5,1,'2019-03-30 01:37:23','2015-08-23 10:14:19'),(51,73,2,'2011-10-23 20:17:00','2016-01-31 07:12:12'),(51,80,2,'2014-08-19 22:10:08','2017-03-16 06:45:32'),(52,99,2,'2018-02-27 23:45:52','2019-11-16 02:16:57'),(53,49,1,'2013-07-14 14:57:48','2016-05-05 05:00:29'),(54,20,3,'2016-08-20 22:28:27','2013-06-04 20:59:32'),(55,82,2,'2017-01-23 04:39:25','2019-05-19 05:37:23'),(56,7,2,'2013-09-08 07:45:12','2015-07-03 23:39:33'),(57,54,1,'2010-09-05 09:35:25','2017-11-08 01:02:14'),(60,20,3,'2013-05-26 10:00:40','2018-09-20 22:43:24'),(60,25,3,'2019-05-01 16:10:06','2016-01-06 10:45:12'),(61,39,1,'2012-12-07 14:27:01','2019-09-19 10:59:27'),(63,97,1,'2013-09-24 17:57:23','2020-03-23 05:07:17'),(64,80,3,'2016-05-21 05:28:17','2019-03-09 15:43:48'),(65,30,3,'2016-10-19 09:21:27','2018-10-01 00:31:19'),(65,64,3,'2019-07-06 22:57:01','2011-04-23 14:06:46'),(66,31,2,'2010-11-06 16:45:59','2014-08-23 11:03:33'),(68,8,2,'2012-08-18 02:38:26','2016-08-10 07:06:59'),(68,59,3,'2012-10-22 23:46:49','2016-06-24 02:39:44'),(70,69,3,'2014-04-15 21:01:34','2018-12-23 13:34:41'),(70,78,1,'2017-07-03 19:16:26','2018-10-13 23:26:05'),(71,55,3,'2016-01-09 14:49:57','2015-01-07 22:28:27'),(72,13,2,'2018-04-26 07:49:53','2017-05-30 05:48:11'),(73,58,2,'2012-11-21 23:04:57','2013-09-23 03:13:35'),(76,41,1,'2010-09-27 04:03:29','2012-11-23 12:14:08'),(76,77,3,'2014-04-06 16:16:17','2012-03-27 21:01:23'),(77,52,3,'2017-08-30 06:14:59','2015-08-20 03:23:35'),(77,60,1,'2019-03-08 19:50:59','2020-01-27 16:27:24'),(77,69,3,'2016-06-05 02:22:59','2016-09-03 10:54:04'),(80,88,2,'2012-05-01 03:07:39','2011-06-04 22:36:19'),(82,56,3,'2012-02-28 15:37:51','2015-09-19 10:04:29'),(84,17,1,'2013-09-24 04:22:28','2014-10-10 21:38:18'),(85,14,2,'2010-05-18 05:35:56','2018-01-26 21:25:13'),(85,75,3,'2017-12-20 02:42:25','2014-10-25 18:02:34'),(87,68,1,'2018-01-03 19:37:44','2015-06-04 15:42:50'),(90,57,1,'2015-10-07 12:09:47','2014-08-11 15:04:40'),(93,86,3,'2016-03-19 00:20:35','2010-10-04 18:38:37'),(94,77,1,'2016-02-26 05:17:24','2018-08-26 11:54:57'),(96,44,3,'2014-03-18 14:50:17','2020-04-01 13:11:26'),(96,62,2,'2012-10-17 20:50:59','2014-04-29 06:26:08'),(96,82,1,'2019-05-30 18:58:26','2014-04-19 08:29:35'),(97,23,2,'2014-06-01 04:29:53','2020-02-22 01:47:47'),(98,33,2,'2010-11-22 23:50:05','2016-09-09 12:42:03'),(99,19,2,'2010-08-03 13:59:20','2011-11-16 20:28:09'),(99,33,1,'2017-09-23 21:18:34','2011-05-18 09:44:02'),(99,50,3,'2016-10-27 18:28:53','2016-01-10 15:24:20');
/*!40000 ALTER TABLE `friendship` ENABLE KEYS */;
UNLOCK TABLES;

--
-- Table structure for table `friendship_statuses`
--

DROP TABLE IF EXISTS `friendship_statuses`;
/*!40101 SET @saved_cs_client     = @@character_set_client */;
/*!50503 SET character_set_client = utf8mb4 */;
CREATE TABLE `friendship_statuses` (
  `id` int unsigned NOT NULL AUTO_INCREMENT,
  `name` varchar(150) NOT NULL,
  PRIMARY KEY (`id`),
  UNIQUE KEY `name` (`name`)
) ENGINE=InnoDB AUTO_INCREMENT=4 DEFAULT CHARSET=utf8mb4 COLLATE=utf8mb4_0900_ai_ci;
/*!40101 SET character_set_client = @saved_cs_client */;

--
-- Dumping data for table `friendship_statuses`
--

LOCK TABLES `friendship_statuses` WRITE;
/*!40000 ALTER TABLE `friendship_statuses` DISABLE KEYS */;
INSERT INTO `friendship_statuses` VALUES (2,'Confirmed'),(3,'Rejected'),(1,'Requested');
/*!40000 ALTER TABLE `friendship_statuses` ENABLE KEYS */;
UNLOCK TABLES;

--
-- Table structure for table `media`
--

DROP TABLE IF EXISTS `media`;
/*!40101 SET @saved_cs_client     = @@character_set_client */;
/*!50503 SET character_set_client = utf8mb4 */;
CREATE TABLE `media` (
  `id` int unsigned NOT NULL AUTO_INCREMENT,
  `media_type_id` int unsigned NOT NULL,
  `user_id` int unsigned NOT NULL,
  `filename` varchar(255) NOT NULL,
  `file_size` int NOT NULL,
  `metadata` json DEFAULT NULL,
  `created_at` datetime DEFAULT CURRENT_TIMESTAMP,
  `updated_at` datetime DEFAULT CURRENT_TIMESTAMP ON UPDATE CURRENT_TIMESTAMP,
  PRIMARY KEY (`id`)
) ENGINE=InnoDB AUTO_INCREMENT=101 DEFAULT CHARSET=utf8mb4 COLLATE=utf8mb4_0900_ai_ci;
/*!40101 SET character_set_client = @saved_cs_client */;

--
-- Dumping data for table `media`
--

LOCK TABLES `media` WRITE;
/*!40000 ALTER TABLE `media` DISABLE KEYS */;
INSERT INTO `media` VALUES (1,1,46,'https://dropbox.com/vk/27735.gif',2883,'{\"owner\": \"Cameron Runolfsdottir\"}','2016-04-11 03:28:40','2020-04-27 15:04:25'),(2,2,48,'https://dropbox.com/vk/28835.grep',3191,'{\"owner\": \"Rodger Dooley\"}','2016-01-19 17:05:44','2020-04-27 15:04:25'),(3,3,1,'https://dropbox.com/vk/14098.grep',2202,'{\"owner\": \"Marvin Heidenreich\"}','2014-03-22 01:38:00','2020-04-27 15:04:25'),(4,1,60,'https://dropbox.com/vk/10146.grep',4534,'{\"owner\": \"Koby Stroman\"}','2013-07-17 20:45:45','2020-04-27 15:04:25'),(5,2,96,'https://dropbox.com/vk/28194.grep',1203,'{\"owner\": \"Berneice Bednar\"}','2012-07-15 02:49:52','2020-04-27 15:04:25'),(6,3,98,'https://dropbox.com/vk/18829.gif',6142,'{\"owner\": \"Cecile Crist\"}','2020-01-30 21:55:46','2020-04-27 15:04:25'),(7,1,4,'https://dropbox.com/vk/24765.grep',8144,'{\"owner\": \"Meggie Halvorson\"}','2019-08-09 05:36:29','2020-04-27 15:04:25'),(8,2,25,'https://dropbox.com/vk/19509.gif',4198,'{\"owner\": \"Cory Mills\"}','2014-10-04 15:43:12','2020-04-27 15:04:25'),(9,3,13,'https://dropbox.com/vk/15840.grep',2329,'{\"owner\": \"Savanna Nikolaus\"}','2019-11-11 14:43:03','2020-04-27 15:04:25'),(10,1,90,'https://dropbox.com/vk/23081.grep',4700,'{\"owner\": \"Elaina Durgan\"}','2020-04-25 13:34:20','2020-04-27 15:04:25'),(11,2,11,'https://dropbox.com/vk/24011.grep',5518,'{\"owner\": \"Camren Herzog\"}','2017-05-16 11:39:27','2020-04-27 15:04:25'),(12,3,83,'https://dropbox.com/vk/16454.grep',1166,'{\"owner\": \"Marisol Schmeler\"}','2013-01-14 14:41:47','2020-04-27 15:04:25'),(13,1,81,'https://dropbox.com/vk/28813.gif',5210,'{\"owner\": \"Neal Schneider\"}','2014-02-03 22:03:28','2020-04-27 15:04:25'),(14,2,55,'https://dropbox.com/vk/20345.gif',4262,'{\"owner\": \"Bessie Will\"}','2019-08-13 23:25:44','2020-04-27 15:04:25'),(15,3,34,'https://dropbox.com/vk/14723.avi',9097,'{\"owner\": \"Royal Walsh\"}','2016-07-21 20:14:39','2020-04-27 15:04:25'),(16,1,2,'https://dropbox.com/vk/11996.gif',4316,'{\"owner\": \"Zakary Gerhold\"}','2013-02-24 23:40:22','2020-04-27 15:04:25'),(17,2,10,'https://dropbox.com/vk/12064.grep',2505,'{\"owner\": \"Sylvester Hansen\"}','2011-02-24 16:14:21','2020-04-27 15:04:25'),(18,3,44,'https://dropbox.com/vk/16300.gif',2454,'{\"owner\": \"Jaycee Olson\"}','2015-02-20 19:41:23','2020-04-27 15:04:25'),(19,1,88,'https://dropbox.com/vk/23959.grep',4473,'{\"owner\": \"Isac O\'Hara\"}','2010-11-30 15:42:27','2020-04-27 15:04:25'),(20,2,6,'https://dropbox.com/vk/27621.grep',7503,'{\"owner\": \"Manley Nader\"}','2016-04-08 06:26:03','2020-04-27 15:04:25'),(21,3,68,'https://dropbox.com/vk/23621.gif',1159,'{\"owner\": \"Jabari Kirlin\"}','2015-03-17 07:38:59','2020-04-27 15:04:25'),(22,1,21,'https://dropbox.com/vk/14849.avi',2540,'{\"owner\": \"Blaze Hartmann\"}','2015-01-24 16:31:41','2020-04-27 15:04:25'),(23,2,99,'https://dropbox.com/vk/29994.gif',6311,'{\"owner\": \"Clarissa Spinka\"}','2016-08-09 00:51:35','2020-04-27 15:04:25'),(24,3,32,'https://dropbox.com/vk/15260.avi',3500,'{\"owner\": \"Alessandra Rippin\"}','2016-03-24 10:05:45','2020-04-27 15:04:25'),(25,1,64,'https://dropbox.com/vk/14860.grep',7454,'{\"owner\": \"Chanelle Kozey\"}','2013-04-20 07:02:07','2020-04-27 15:04:25'),(26,2,23,'https://dropbox.com/vk/11067.gif',3320,'{\"owner\": \"Beverly Abernathy\"}','2012-07-11 06:08:37','2020-04-27 15:04:25'),(27,3,20,'https://dropbox.com/vk/22515.grep',3444,'{\"owner\": \"Christopher Terry\"}','2019-01-24 15:56:19','2020-04-27 15:04:25'),(28,1,34,'https://dropbox.com/vk/16426.grep',3266,'{\"owner\": \"Royal Walsh\"}','2018-07-30 00:53:53','2020-04-27 15:04:25'),(29,2,7,'https://dropbox.com/vk/20572.gif',3164,'{\"owner\": \"Antonette Maggio\"}','2010-12-17 13:42:27','2020-04-27 15:04:25'),(30,3,33,'https://dropbox.com/vk/15798.avi',6438,'{\"owner\": \"Alexander Daugherty\"}','2011-11-16 05:29:20','2020-04-27 15:04:25'),(31,1,44,'https://dropbox.com/vk/22457.grep',4284,'{\"owner\": \"Jaycee Olson\"}','2013-03-21 09:22:16','2020-04-27 15:04:25'),(32,2,22,'https://dropbox.com/vk/13295.grep',9443,'{\"owner\": \"Vita Parisian\"}','2017-03-25 04:57:28','2020-04-27 15:04:25'),(33,3,75,'https://dropbox.com/vk/11393.gif',3354,'{\"owner\": \"Peggie Bradtke\"}','2014-09-07 02:50:52','2020-04-27 15:04:25'),(34,1,9,'https://dropbox.com/vk/20863.avi',4653,'{\"owner\": \"Tavares Schuster\"}','2016-08-24 04:51:22','2020-04-27 15:04:25'),(35,2,20,'https://dropbox.com/vk/23227.avi',7854,'{\"owner\": \"Christopher Terry\"}','2016-07-07 05:53:03','2020-04-27 15:04:25'),(36,3,74,'https://dropbox.com/vk/27234.avi',6388,'{\"owner\": \"Kathleen Jast\"}','2012-09-14 04:43:32','2020-04-27 15:04:25'),(37,1,7,'https://dropbox.com/vk/10078.gif',5590,'{\"owner\": \"Antonette Maggio\"}','2013-09-04 03:12:53','2020-04-27 15:04:25'),(38,2,14,'https://dropbox.com/vk/20952.avi',3567,'{\"owner\": \"Mason Jakubowski\"}','2018-03-08 20:58:06','2020-04-27 15:04:25'),(39,3,48,'https://dropbox.com/vk/20359.avi',6405,'{\"owner\": \"Rodger Dooley\"}','2013-11-19 23:17:07','2020-04-27 15:04:25'),(40,1,97,'https://dropbox.com/vk/16213.gif',1295,'{\"owner\": \"Christy West\"}','2018-06-15 10:03:40','2020-04-27 15:04:25'),(41,2,41,'https://dropbox.com/vk/22174.avi',5876,'{\"owner\": \"Mavis Hand\"}','2018-11-28 14:25:26','2020-04-27 15:04:25'),(42,3,12,'https://dropbox.com/vk/22382.avi',7731,'{\"owner\": \"Westley Marvin\"}','2014-02-27 11:02:08','2020-04-27 15:04:25'),(43,1,37,'https://dropbox.com/vk/11184.avi',7754,'{\"owner\": \"Theo Morissette\"}','2011-01-03 20:13:10','2020-04-27 15:04:25'),(44,2,49,'https://dropbox.com/vk/13383.avi',3361,'{\"owner\": \"Mathew Lesch\"}','2014-07-20 10:57:21','2020-04-27 15:04:25'),(45,3,32,'https://dropbox.com/vk/14467.gif',5811,'{\"owner\": \"Alessandra Rippin\"}','2012-07-21 04:08:55','2020-04-27 15:04:25'),(46,1,12,'https://dropbox.com/vk/28178.gif',5836,'{\"owner\": \"Westley Marvin\"}','2014-10-09 18:15:23','2020-04-27 15:04:25'),(47,2,63,'https://dropbox.com/vk/23447.grep',5725,'{\"owner\": \"Alia King\"}','2013-02-23 19:08:53','2020-04-27 15:04:25'),(48,3,78,'https://dropbox.com/vk/29868.grep',1854,'{\"owner\": \"Carlotta Yundt\"}','2011-01-27 06:30:31','2020-04-27 15:04:25'),(49,1,1,'https://dropbox.com/vk/15719.avi',8910,'{\"owner\": \"Marvin Heidenreich\"}','2012-10-06 09:48:12','2020-04-27 15:04:25'),(50,2,72,'https://dropbox.com/vk/22564.gif',8257,'{\"owner\": \"Kaitlin Kshlerin\"}','2013-07-20 08:08:33','2020-04-27 15:04:25'),(51,3,54,'https://dropbox.com/vk/16327.grep',7041,'{\"owner\": \"Katelin O\'Conner\"}','2014-11-21 20:09:47','2020-04-27 15:04:25'),(52,1,55,'https://dropbox.com/vk/22643.avi',4269,'{\"owner\": \"Bessie Will\"}','2011-01-05 16:20:58','2020-04-27 15:04:25'),(53,2,12,'https://dropbox.com/vk/14292.grep',1935,'{\"owner\": \"Westley Marvin\"}','2019-08-09 04:26:20','2020-04-27 15:04:25'),(54,3,94,'https://dropbox.com/vk/18060.avi',2553,'{\"owner\": \"Janiya Pacocha\"}','2012-06-23 14:34:15','2020-04-27 15:04:25'),(55,1,35,'https://dropbox.com/vk/26923.avi',7396,'{\"owner\": \"Demond Brekke\"}','2012-02-12 08:03:08','2020-04-27 15:04:25'),(56,2,94,'https://dropbox.com/vk/21950.grep',5753,'{\"owner\": \"Janiya Pacocha\"}','2013-01-11 01:04:42','2020-04-27 15:04:25'),(57,3,62,'https://dropbox.com/vk/18174.avi',9149,'{\"owner\": \"Dusty Feest\"}','2019-09-27 13:56:37','2020-04-27 15:04:25'),(58,1,27,'https://dropbox.com/vk/25884.grep',2056,'{\"owner\": \"Florine Cronin\"}','2016-05-27 17:56:17','2020-04-27 15:04:25'),(59,2,50,'https://dropbox.com/vk/16339.grep',4620,'{\"owner\": \"Clifton Lind\"}','2015-07-16 05:30:12','2020-04-27 15:04:25'),(60,3,67,'https://dropbox.com/vk/17860.avi',1190,'{\"owner\": \"Terry Batz\"}','2014-08-09 22:06:43','2020-04-27 15:04:25'),(61,1,86,'https://dropbox.com/vk/12685.avi',3151,'{\"owner\": \"Maximo Conn\"}','2013-01-04 06:57:11','2020-04-27 15:04:25'),(62,2,28,'https://dropbox.com/vk/14411.grep',3423,'{\"owner\": \"Torrance Kuphal\"}','2016-05-13 11:15:51','2020-04-27 15:04:25'),(63,3,82,'https://dropbox.com/vk/25500.avi',1733,'{\"owner\": \"Emerald McLaughlin\"}','2017-01-03 06:42:32','2020-04-27 15:04:25'),(64,1,23,'https://dropbox.com/vk/29449.avi',1263,'{\"owner\": \"Beverly Abernathy\"}','2010-08-07 05:05:13','2020-04-27 15:04:25'),(65,2,71,'https://dropbox.com/vk/25561.avi',9498,'{\"owner\": \"Viola Haag\"}','2017-03-11 02:09:21','2020-04-27 15:04:25'),(66,3,86,'https://dropbox.com/vk/12285.avi',3153,'{\"owner\": \"Maximo Conn\"}','2011-06-05 06:06:55','2020-04-27 15:04:25'),(67,1,15,'https://dropbox.com/vk/13535.gif',8901,'{\"owner\": \"Marta Buckridge\"}','2010-05-03 07:51:04','2020-04-27 15:04:25'),(68,2,17,'https://dropbox.com/vk/17369.grep',7461,'{\"owner\": \"Nelle Blanda\"}','2019-01-29 10:36:01','2020-04-27 15:04:25'),(69,3,41,'https://dropbox.com/vk/11505.gif',7079,'{\"owner\": \"Mavis Hand\"}','2015-12-10 03:40:52','2020-04-27 15:04:25'),(70,1,53,'https://dropbox.com/vk/29275.avi',9520,'{\"owner\": \"Macey Bergstrom\"}','2019-08-23 18:08:49','2020-04-27 15:04:25'),(71,2,42,'https://dropbox.com/vk/19717.gif',6802,'{\"owner\": \"Lee Yundt\"}','2015-11-14 03:58:12','2020-04-27 15:04:25'),(72,3,50,'https://dropbox.com/vk/21739.avi',7624,'{\"owner\": \"Clifton Lind\"}','2010-07-16 01:42:53','2020-04-27 15:04:25'),(73,1,22,'https://dropbox.com/vk/29435.gif',7152,'{\"owner\": \"Vita Parisian\"}','2013-06-12 03:20:28','2020-04-27 15:04:25'),(74,2,62,'https://dropbox.com/vk/25631.gif',4153,'{\"owner\": \"Dusty Feest\"}','2017-02-06 17:02:11','2020-04-27 15:04:25'),(75,3,44,'https://dropbox.com/vk/17324.avi',9287,'{\"owner\": \"Jaycee Olson\"}','2010-05-28 00:50:47','2020-04-27 15:04:25'),(76,1,30,'https://dropbox.com/vk/16233.gif',3532,'{\"owner\": \"Wava Nader\"}','2018-04-18 11:11:32','2020-04-27 15:04:25'),(77,2,20,'https://dropbox.com/vk/14801.avi',2192,'{\"owner\": \"Christopher Terry\"}','2016-02-01 12:03:35','2020-04-27 15:04:25'),(78,3,11,'https://dropbox.com/vk/11936.gif',3170,'{\"owner\": \"Camren Herzog\"}','2013-05-09 07:29:28','2020-04-27 15:04:25'),(79,1,93,'https://dropbox.com/vk/25193.gif',1673,'{\"owner\": \"Julio Hessel\"}','2011-05-30 08:49:36','2020-04-27 15:04:25'),(80,2,29,'https://dropbox.com/vk/24384.grep',8563,'{\"owner\": \"Rowland Stark\"}','2015-07-22 15:39:04','2020-04-27 15:04:25'),(81,3,69,'https://dropbox.com/vk/13406.grep',4045,'{\"owner\": \"Lenna Ziemann\"}','2017-03-28 18:39:13','2020-04-27 15:04:25'),(82,1,57,'https://dropbox.com/vk/13245.avi',8392,'{\"owner\": \"Ardith Labadie\"}','2014-04-03 02:55:38','2020-04-27 15:04:25'),(83,2,76,'https://dropbox.com/vk/27394.avi',5354,'{\"owner\": \"Muriel Greenholt\"}','2016-10-23 11:55:48','2020-04-27 15:04:25'),(84,3,9,'https://dropbox.com/vk/13316.grep',4631,'{\"owner\": \"Tavares Schuster\"}','2013-09-10 11:39:36','2020-04-27 15:04:25'),(85,1,16,'https://dropbox.com/vk/18755.gif',9924,'{\"owner\": \"Cade Lockman\"}','2017-04-18 01:11:34','2020-04-27 15:04:25'),(86,2,52,'https://dropbox.com/vk/24326.grep',2367,'{\"owner\": \"Margarette Stroman\"}','2017-02-20 12:53:19','2020-04-27 15:04:25'),(87,3,14,'https://dropbox.com/vk/14791.gif',1367,'{\"owner\": \"Mason Jakubowski\"}','2017-02-15 23:16:33','2020-04-27 15:04:25'),(88,1,11,'https://dropbox.com/vk/13209.gif',5604,'{\"owner\": \"Camren Herzog\"}','2014-11-17 02:48:18','2020-04-27 15:04:25'),(89,2,15,'https://dropbox.com/vk/22723.grep',4740,'{\"owner\": \"Marta Buckridge\"}','2011-01-25 11:02:30','2020-04-27 15:04:25'),(90,3,41,'https://dropbox.com/vk/14324.avi',3495,'{\"owner\": \"Mavis Hand\"}','2016-06-20 16:21:17','2020-04-27 15:04:25'),(91,1,59,'https://dropbox.com/vk/22657.grep',8745,'{\"owner\": \"Antonette Ernser\"}','2017-11-19 10:52:05','2020-04-27 15:04:25'),(92,2,73,'https://dropbox.com/vk/21123.gif',3220,'{\"owner\": \"Hattie Hartmann\"}','2010-07-16 18:21:19','2020-04-27 15:04:25'),(93,3,86,'https://dropbox.com/vk/20054.avi',5955,'{\"owner\": \"Maximo Conn\"}','2019-03-04 13:18:10','2020-04-27 15:04:25'),(94,1,12,'https://dropbox.com/vk/17748.avi',7541,'{\"owner\": \"Westley Marvin\"}','2017-09-29 11:56:51','2020-04-27 15:04:25'),(95,2,100,'https://dropbox.com/vk/13461.gif',8453,'{\"owner\": \"Austin Lemke\"}','2016-09-16 17:56:24','2020-04-27 15:04:25'),(96,3,64,'https://dropbox.com/vk/29782.avi',3011,'{\"owner\": \"Chanelle Kozey\"}','2018-02-26 08:45:09','2020-04-27 15:04:25'),(97,1,20,'https://dropbox.com/vk/14819.grep',9324,'{\"owner\": \"Christopher Terry\"}','2020-01-04 10:31:27','2020-04-27 15:04:25'),(98,2,8,'https://dropbox.com/vk/20865.gif',5966,'{\"owner\": \"Donald Flatley\"}','2012-04-24 08:31:43','2020-04-27 15:04:25'),(99,3,79,'https://dropbox.com/vk/26293.grep',3655,'{\"owner\": \"Mozell Kunde\"}','2016-02-07 23:47:03','2020-04-27 15:04:25'),(100,1,70,'https://dropbox.com/vk/18621.avi',3342,'{\"owner\": \"Damian Casper\"}','2012-06-18 04:51:38','2020-04-27 15:04:25');
/*!40000 ALTER TABLE `media` ENABLE KEYS */;
UNLOCK TABLES;

--
-- Table structure for table `media_types`
--

DROP TABLE IF EXISTS `media_types`;
/*!40101 SET @saved_cs_client     = @@character_set_client */;
/*!50503 SET character_set_client = utf8mb4 */;
CREATE TABLE `media_types` (
  `id` int unsigned NOT NULL AUTO_INCREMENT,
  `name` varchar(255) NOT NULL,
  PRIMARY KEY (`id`),
  UNIQUE KEY `name` (`name`)
) ENGINE=InnoDB AUTO_INCREMENT=4 DEFAULT CHARSET=utf8mb4 COLLATE=utf8mb4_0900_ai_ci;
/*!40101 SET character_set_client = @saved_cs_client */;

--
-- Dumping data for table `media_types`
--

LOCK TABLES `media_types` WRITE;
/*!40000 ALTER TABLE `media_types` DISABLE KEYS */;
INSERT INTO `media_types` VALUES (2,'music'),(1,'photo'),(3,'video');
/*!40000 ALTER TABLE `media_types` ENABLE KEYS */;
UNLOCK TABLES;

--
-- Table structure for table `messages`
--

DROP TABLE IF EXISTS `messages`;
/*!40101 SET @saved_cs_client     = @@character_set_client */;
/*!50503 SET character_set_client = utf8mb4 */;
CREATE TABLE `messages` (
  `id` int unsigned NOT NULL AUTO_INCREMENT,
  `from_user_id` int unsigned NOT NULL,
  `to_user_id` int unsigned NOT NULL,
  `communitie_id` int unsigned DEFAULT NULL,
  `body` text NOT NULL,
  `is_important` tinyint(1) DEFAULT NULL,
  `is_delivered` tinyint(1) DEFAULT NULL,
  `created_at` datetime DEFAULT CURRENT_TIMESTAMP,
  PRIMARY KEY (`id`)
) ENGINE=InnoDB AUTO_INCREMENT=101 DEFAULT CHARSET=utf8mb4 COLLATE=utf8mb4_0900_ai_ci;
/*!40101 SET character_set_client = @saved_cs_client */;

--
-- Dumping data for table `messages`
--

LOCK TABLES `messages` WRITE;
/*!40000 ALTER TABLE `messages` DISABLE KEYS */;
INSERT INTO `messages` VALUES (1,16,88,1,'Veniam voluptas incidunt et quidem libero ipsam tempora. Sed expedita dolor aut eos excepturi. Error esse nostrum et sit.',1,0,'2014-01-15 18:25:16'),(2,89,82,2,'Adipisci qui ut voluptate et ex aperiam sunt. Quibusdam dignissimos ipsa nemo voluptatem. Placeat quia non harum labore aut quaerat.',1,1,'2011-05-07 08:40:53'),(3,42,62,3,'Similique praesentium placeat perferendis ipsam nesciunt voluptatem. Sapiente voluptatum quo dolores corporis placeat. Excepturi eum laborum nostrum laborum. Quas non aut ex sed facilis omnis eum facilis. Molestiae sed ratione dolorem ut.',0,1,'2019-06-30 21:37:37'),(4,85,36,4,'Earum reiciendis qui sunt voluptas non cum molestiae. Inventore cum in quam accusantium commodi ut.',1,0,'2012-01-03 11:45:25'),(5,28,31,5,'Sunt voluptatem nulla nisi eligendi rerum et praesentium. Et ea et minus facere ipsam qui soluta ratione. Ea dicta perspiciatis vero aut fuga beatae rerum.',0,1,'2016-11-13 04:47:33'),(6,68,49,6,'Quia totam deserunt rem rerum iste. Debitis totam architecto consectetur ut architecto repellendus. At laboriosam natus velit.',0,0,'2015-07-05 21:21:12'),(7,40,52,7,'Id non illo adipisci sunt perferendis aspernatur quo. Dolores et ducimus ea dolores deserunt. Voluptatem tempora repudiandae ab est velit.',1,0,'2012-10-03 22:35:31'),(8,39,37,8,'Sint qui ea ut ducimus est. In deleniti repellat voluptates amet. Tempore earum perspiciatis veniam eos nam dignissimos odio sit. Quo vitae iusto sed voluptatem voluptatum tempora.',0,1,'2018-04-18 13:19:02'),(9,70,39,9,'Sit alias natus sint sed adipisci quisquam et. Quis voluptatibus impedit saepe inventore laboriosam. Veniam praesentium qui et nemo odio iusto. Suscipit non voluptas voluptates consequatur.',0,0,'2010-11-11 09:26:48'),(10,84,3,10,'Similique earum consequatur sapiente voluptatum harum dolorem vel. Est nobis pariatur fugiat velit. Quis fuga repellendus aut odio odit. Excepturi aut deleniti nobis sint veritatis dolorum.',0,1,'2011-05-12 07:43:52'),(11,64,8,11,'Consequatur sit excepturi saepe culpa. Ab nobis facilis eius commodi dignissimos temporibus accusantium. Ea inventore nobis voluptatem qui sed tempora.',1,1,'2020-03-16 16:57:38'),(12,48,14,12,'Culpa nisi quia id nulla eaque. Maiores odio eveniet facilis sunt sit omnis laudantium.',1,1,'2010-12-19 07:00:50'),(13,27,92,13,'Illo est sit mollitia. Fuga suscipit dolore quo sed in eveniet labore. Facere eligendi facere sint ea deserunt. Cumque blanditiis ullam labore.',0,0,'2016-02-03 02:15:07'),(14,77,9,14,'Voluptatem esse rerum ex qui cum at. Tenetur culpa molestiae quaerat quasi vero exercitationem laborum maxime. Quia vel necessitatibus consequatur officiis.',1,0,'2010-06-18 01:37:22'),(15,15,47,15,'Voluptate non et ut voluptatem. Occaecati nostrum voluptas vitae qui aliquam ratione officia. Omnis aut quia dolores perferendis.',1,1,'2015-10-04 22:26:11'),(16,91,12,16,'Accusantium ea magnam rerum labore modi minima. Minima optio ex nemo voluptatem quod. Non rerum consequatur vel ratione est. Aliquam possimus assumenda eos quo reiciendis.',1,1,'2013-03-03 13:52:41'),(17,87,96,17,'Sequi nam sunt non vel. Quo maiores tempore nulla iste aut.',0,1,'2014-12-23 00:17:55'),(18,22,20,18,'Dolor sit dolorem non quibusdam rerum possimus. Ex voluptas quis omnis ad est aut qui. Tempora accusamus deleniti suscipit quidem omnis. Earum temporibus ut eos rerum laboriosam sit commodi.',0,0,'2012-01-27 04:05:36'),(19,36,16,19,'Suscipit temporibus velit eos nam. Nam recusandae culpa totam dolorum.',1,1,'2016-02-17 10:05:36'),(20,72,10,20,'Asperiores enim soluta dicta in quos. Corporis a est voluptatem ut enim. Aut aut odit ipsam ut.',1,1,'2018-04-02 07:09:43'),(21,36,48,21,'Rerum sint voluptates dolor tenetur. Eius nihil facilis ab perspiciatis iusto vero eius. Sint facilis voluptatem quam.',1,1,'2019-05-02 17:44:22'),(22,34,23,22,'Fugit id illum qui occaecati incidunt. Optio illum molestiae et numquam nihil sunt. A nostrum eos temporibus ut iure id aperiam. Ratione libero sapiente quod dicta.',1,0,'2016-06-16 16:43:10'),(23,12,91,23,'Soluta ducimus maiores hic rem. Recusandae et laboriosam ex nostrum ut quisquam. Consectetur quidem tempora tempore ullam error commodi quis aut.',0,0,'2017-04-07 14:49:02'),(24,20,26,24,'Enim voluptatem dolor distinctio aut dolor molestiae autem. Ut saepe voluptatum laboriosam et. Voluptas aliquid vel odit dolore.',0,1,'2014-01-19 09:05:27'),(25,70,70,25,'Non beatae libero sapiente sed suscipit suscipit. Neque quis minus consectetur ratione. Impedit id laborum ex. Optio qui et modi est quam quos nostrum aliquid.',1,0,'2017-02-28 01:30:27'),(26,42,98,26,'Tempora vel voluptatem quo dolor ut dolores voluptas. Aut facilis et eos autem quia aut. Aperiam perferendis animi nulla ea. Nulla est aut pariatur tempore. Voluptatum ratione autem laborum eos ut unde eos magni.',0,0,'2015-11-25 14:36:37'),(27,62,19,27,'Dignissimos et totam nihil ipsam quod ducimus quia. Est placeat ut officia est aliquam ullam cum. Delectus non dicta occaecati ea quas sit sit. Esse aspernatur hic ut deleniti nisi. Atque delectus aperiam voluptas vitae.',1,0,'2016-10-11 15:51:25'),(28,5,68,28,'Delectus ut natus sed tempore eaque accusantium magnam. Aspernatur qui aut earum fuga consequatur nostrum totam minima. Recusandae expedita ab iusto. Sapiente et harum ipsa aperiam consequatur deserunt.',1,1,'2019-03-18 19:22:33'),(29,24,15,29,'Et ex eum sequi provident sint occaecati omnis. Unde laborum eum unde eius voluptatem autem iusto excepturi. Soluta in nam non quis consequatur ut cupiditate qui. Quibusdam est laudantium libero eveniet incidunt animi.',1,0,'2013-09-07 11:24:59'),(30,3,69,30,'Voluptas quo consequatur vero quasi labore sint voluptatibus. Et quos quia quia. In sequi quia et molestias accusamus aspernatur officia.',1,1,'2015-06-04 22:16:34'),(31,34,65,31,'Quisquam id quod rerum qui itaque aliquam quos. Ducimus similique veniam commodi repellendus numquam. Culpa ut suscipit quia sunt numquam quasi aut.',1,1,'2013-10-06 06:44:36'),(32,20,6,32,'Consequatur aut voluptatem qui cupiditate doloribus repudiandae ipsum. Quo molestiae recusandae repudiandae ut quam pariatur et. Expedita est quasi quibusdam reprehenderit doloremque magni. Doloribus fuga aut omnis maiores exercitationem fugit.',0,1,'2016-08-22 07:33:56'),(33,70,32,33,'Veritatis maxime iste voluptatem et aliquid non. Natus reiciendis ut fuga ratione et saepe. Suscipit error et ea perferendis enim quaerat odit accusamus.',1,0,'2018-01-14 09:29:07'),(34,48,43,34,'Quo asperiores aut sed unde totam molestias non necessitatibus. Consequuntur dolorum sint earum perspiciatis est. Sed quas tempore et voluptatem. Sapiente quo fuga in quos nihil sed.',1,0,'2013-03-08 08:55:23'),(35,73,33,35,'Hic debitis adipisci qui delectus magnam similique eius. Ut aspernatur vero quam et et deserunt veniam. Nulla quis harum incidunt iure exercitationem dicta corporis. Ut animi architecto inventore delectus.',0,0,'2012-06-11 22:39:57'),(36,46,31,36,'Voluptatem et totam assumenda eos. Et inventore facere aut assumenda qui harum. Non qui corrupti alias inventore. Non placeat ipsam optio quod id omnis.',1,1,'2012-12-09 22:17:03'),(37,17,90,37,'Magni maxime laborum aut cupiditate eum. Quod rerum minus esse aliquid. Nemo iusto accusantium sapiente ipsam. Autem quis mollitia optio dolores laudantium occaecati reiciendis.',1,1,'2011-05-19 03:49:38'),(38,99,24,38,'Corrupti ut beatae et et. Et quaerat commodi beatae odit molestiae accusantium deserunt. Officia blanditiis tenetur expedita tenetur.',0,0,'2013-06-01 07:17:29'),(39,23,43,39,'Alias non deserunt sit. Maiores voluptatum sed repellat voluptatibus dolor voluptas doloremque. Qui minus ratione quae quis dolorem quaerat excepturi.',1,0,'2018-05-16 17:30:24'),(40,47,5,40,'Delectus quasi aperiam natus dolores voluptatum nihil voluptatem. Eos ut quia aut sint facilis velit ut. Exercitationem neque officiis in cumque ut.',0,1,'2019-11-16 15:29:46'),(41,82,93,41,'Qui modi quam reiciendis non vel qui. Sint aut omnis fuga porro nemo praesentium repudiandae dolore. Et consequatur delectus ducimus. Consectetur et aliquid corrupti hic sapiente.',0,1,'2013-08-15 06:08:26'),(42,22,28,42,'Quaerat non quia blanditiis. Qui nostrum voluptas animi. Laborum dolorem ipsa quaerat a distinctio reprehenderit sed.',1,1,'2019-01-08 02:25:00'),(43,73,80,43,'Et ut aliquam reiciendis. Labore cumque velit officiis. Commodi cumque voluptas reiciendis ut. Vero ut sed et quis.',0,0,'2017-04-24 18:38:33'),(44,82,71,44,'Distinctio sequi voluptas eius sed. Est sequi adipisci eos omnis. Aperiam omnis quibusdam non voluptate enim. Et eaque iure assumenda similique eum qui.',0,0,'2012-11-01 18:28:23'),(45,8,26,45,'Optio vel impedit dolorum quisquam eum dignissimos in. Qui distinctio itaque dolorem accusantium ullam ad necessitatibus est. Ut quia repellendus quo perspiciatis. Autem dolores quas rem nobis recusandae voluptates iste.',0,0,'2012-09-18 02:21:15'),(46,6,53,46,'Libero non ex voluptas consequatur molestiae ipsa omnis. Quae natus atque ad omnis et. Rerum quisquam corrupti alias consequatur assumenda perferendis quia.',1,0,'2017-04-28 13:56:40'),(47,44,63,47,'Temporibus commodi consequatur aliquam. Ut rerum sit provident autem vitae aliquid. Maiores dolorem sit cumque omnis dolorem assumenda et. Harum aperiam voluptates in consequatur rerum aut rerum sed. Et deserunt aut veritatis voluptate voluptatum.',1,1,'2015-04-24 10:21:42'),(48,82,18,48,'Non quidem tenetur itaque occaecati enim et incidunt voluptatem. Et assumenda sint quia debitis. Aliquam eligendi quo officia deserunt voluptatem excepturi occaecati.',0,0,'2019-10-01 00:28:09'),(49,47,78,49,'Soluta ullam accusantium nihil eos molestiae quam voluptas. Vero dignissimos molestiae optio nihil sed. Iusto quod suscipit excepturi labore non qui. Consequuntur architecto dolores aut.',0,0,'2015-09-16 10:11:06'),(50,49,9,50,'Maiores facilis earum et beatae quis nam. Molestiae beatae est sit quia aliquid minima porro. Ab ducimus id qui qui pariatur sint.',1,0,'2019-12-24 00:33:20'),(51,97,58,51,'Et ad pariatur aperiam ea animi omnis. Voluptatibus vel ipsam consequatur necessitatibus quibusdam delectus aut deleniti. Dicta voluptatum autem ut officiis sunt non sunt.',1,0,'2013-02-17 17:15:11'),(52,97,13,52,'Id hic ducimus quo adipisci praesentium vel voluptates. Quaerat atque facere architecto sunt. Itaque vel iure possimus rem. Perferendis laborum doloribus mollitia optio.',0,0,'2011-06-24 11:28:06'),(53,73,25,53,'Laboriosam doloremque qui reprehenderit dolores illo modi. Eius aspernatur repudiandae necessitatibus est. Unde deleniti aut iusto aperiam quas iure.',0,0,'2015-11-19 10:34:16'),(54,7,57,54,'Dolorem qui inventore rerum quis. Voluptas aut officiis qui.',1,0,'2010-09-08 01:57:05'),(55,66,58,55,'Distinctio eos quas reprehenderit odit. Iste in in recusandae voluptatem fuga assumenda voluptas. Ratione qui facere ad omnis delectus deleniti quis. Tempore fugit corrupti ea corrupti.',0,1,'2015-08-08 18:16:29'),(56,90,76,56,'Eum dolorem esse velit quo possimus. Minus ratione quas est omnis ipsa veniam incidunt. Minus natus sit consequatur ipsum nulla eaque.',0,0,'2017-04-10 04:00:39'),(57,12,29,57,'Doloribus natus possimus delectus. Corporis quaerat fuga sed placeat. Sint qui laborum voluptas reiciendis sed. Corporis ea aut sapiente qui aut et est.',1,1,'2020-01-22 14:31:33'),(58,7,51,58,'Sint porro maxime voluptas perspiciatis. Consectetur omnis aspernatur minima hic autem. Doloremque provident ducimus autem.',0,0,'2013-08-13 03:30:50'),(59,32,8,59,'Expedita quis alias rerum rerum ut vel. Itaque neque asperiores cumque occaecati voluptates sint. Suscipit quia ut sunt vitae atque blanditiis omnis. Repellat enim nulla alias possimus aut cupiditate.',0,1,'2011-06-08 19:51:14'),(60,43,89,60,'Est soluta natus aut impedit. Velit sequi molestiae dolores deleniti sit. Sit vitae voluptatibus dolor mollitia ut veniam deleniti. Ullam aut explicabo aspernatur dicta molestiae iusto.',1,0,'2014-09-25 13:32:01'),(61,17,16,61,'Dolore est tenetur dolores ex sint. Natus dolor ut voluptas quis illo libero ab. Tempore in tempora voluptates id rem qui.',0,0,'2017-01-23 20:16:24'),(62,30,2,62,'Et accusantium optio nobis sit temporibus. Tenetur quod dicta enim et beatae molestiae quas. Culpa praesentium dolore maxime officiis non vitae est.',1,0,'2018-11-14 18:32:26'),(63,19,87,63,'Voluptate libero quo perferendis eum dolorem. Quia id consectetur aut placeat in ipsa quia. Autem voluptates atque quisquam sint voluptas.',0,1,'2019-05-15 19:07:11'),(64,79,32,64,'Animi sed in minus. Et in enim aut rem molestiae quaerat aut. Aut explicabo voluptas sint hic enim non dolorum reprehenderit.',0,1,'2017-03-16 18:03:53'),(65,25,28,65,'Alias ut qui ut sit dolore. Commodi eius laborum velit quam alias accusamus quam. Perspiciatis in enim omnis libero et ut nulla. Quidem quod iure quia architecto rem.',1,1,'2017-05-22 20:25:39'),(66,65,39,66,'Error ipsa qui dolor minus adipisci et dolorem. Aut autem quos molestias in dolor eaque. Aut ducimus optio dolores dolor sint corporis. Dolore id excepturi minima et quis dolor aut. Porro sit deserunt eligendi eaque.',0,0,'2018-02-16 02:36:19'),(67,98,75,67,'Ullam ut ipsum architecto magnam ratione. Amet quis repellendus officiis soluta. Et qui quo consequuntur dolorem.',0,0,'2012-05-31 12:50:35'),(68,80,76,68,'Quasi sint delectus pariatur soluta quisquam ipsa. Quisquam totam omnis quis velit a aut exercitationem. Est fugiat aliquid harum dolorem.',1,0,'2014-03-03 17:48:30'),(69,40,69,69,'Assumenda suscipit animi id dicta provident vitae. Saepe nesciunt vero minima deserunt non doloribus. Est nisi aut expedita omnis dignissimos.',0,1,'2015-03-23 08:45:51'),(70,27,25,70,'Impedit nihil tempore et. Similique est repellendus alias suscipit excepturi quia. Tempore et error quis error veritatis.',1,1,'2013-09-12 07:44:45'),(71,46,52,71,'Veniam non labore rem ratione. Deleniti est quibusdam fuga sit nisi. Quidem eum pariatur hic optio. Sit quasi aspernatur sequi ex ratione velit.',0,0,'2016-12-24 17:30:40'),(72,22,53,72,'Quis voluptatem vel voluptatibus consectetur modi nisi dolor. Perferendis debitis ut sed cum ducimus ipsa. Incidunt doloribus ut eum ipsum velit mollitia doloremque. Molestias architecto quae quam commodi possimus deserunt.',0,0,'2017-02-11 21:12:06'),(73,99,35,73,'Rerum a animi nulla temporibus. Possimus eos exercitationem qui sapiente impedit porro.',1,0,'2017-01-18 09:28:09'),(74,78,85,74,'Nostrum esse rerum iure officiis quos. Blanditiis voluptatem omnis sapiente. Repudiandae quia qui sapiente aut. Id ducimus dignissimos error at.',1,1,'2019-06-20 06:17:55'),(75,92,4,75,'Rerum ipsa sit amet ut molestiae sapiente. Illo dicta aliquam sint porro dolor praesentium. Rerum voluptate in ut optio et dolor.',0,1,'2010-06-04 12:07:47'),(76,42,100,76,'Esse aut delectus totam non cupiditate reiciendis. Qui et natus provident dolorem voluptatem. Et quia officiis architecto dolor veniam quia at fugit. Voluptatibus et itaque quaerat et non distinctio quia.',0,1,'2012-02-11 03:01:29'),(77,73,66,77,'Possimus sed tenetur aliquid ipsa repudiandae itaque impedit. Blanditiis nemo et sit nemo autem consequuntur repellendus. Optio illum voluptatem ut illum dolor a suscipit. Sunt distinctio eius eveniet cum voluptas officiis occaecati.',0,1,'2017-05-18 08:37:40'),(78,7,38,78,'Quia et quo ex dolore perferendis. Ut ipsam et autem officiis quod. Eligendi repudiandae magnam saepe itaque similique. Sed qui temporibus eum alias.',0,0,'2012-08-31 08:09:37'),(79,69,30,79,'Labore quod quibusdam aut animi blanditiis. Illum ad repellat omnis sed voluptas consequatur assumenda ut. Ullam praesentium ut qui asperiores enim. Distinctio impedit voluptates error temporibus suscipit.',1,1,'2020-03-15 15:16:58'),(80,43,25,80,'Libero ut temporibus eveniet. Expedita nemo fugit hic nemo magni exercitationem. Autem quisquam repellat sed voluptas dolor quidem repudiandae. Et error ab autem autem aut.',1,0,'2015-09-28 01:07:36'),(81,94,95,81,'Et a eligendi consequuntur. Labore assumenda asperiores enim et excepturi. Fugit ut dolor corrupti ut cupiditate eius. Itaque voluptate at quisquam minus qui itaque consequatur id. Amet ullam unde sequi nulla sed.',0,1,'2019-10-12 23:51:34'),(82,93,79,82,'Sequi voluptatum voluptatem sunt et ducimus. Sed iusto doloribus cum. Culpa aut omnis atque repellat. Natus facere hic praesentium quam hic.',1,0,'2020-03-17 04:20:25'),(83,15,38,83,'Voluptate dolore minus illum voluptas in maiores. Ut ea debitis sed et quisquam aperiam et. Quisquam non saepe ea sunt in vero. Reiciendis eos eum omnis et sunt qui.',1,1,'2016-09-17 15:50:53'),(84,44,4,84,'Facilis excepturi eius veniam. Sit facilis placeat provident quibusdam ullam. Fugit magnam sequi blanditiis architecto. Dignissimos magni vel laboriosam inventore cupiditate mollitia.',0,1,'2010-10-20 15:14:51'),(85,89,34,85,'Et fuga sed aliquid. Corporis eaque ea omnis dolor delectus ut dolore. Est aut eum cum.',0,1,'2013-12-21 05:24:19'),(86,3,13,86,'Occaecati itaque voluptas consectetur aut dolore illo vel ut. Eveniet neque consequatur consectetur. Pariatur iste et et occaecati id et. Tenetur aut quo sint libero culpa dolorem rerum.',0,1,'2019-03-12 18:02:21'),(87,52,24,87,'Maxime magnam ut voluptas occaecati. Consequatur nemo voluptatem beatae aut ut animi. Ullam dolorem id amet deserunt.',1,1,'2011-02-01 03:54:07'),(88,62,38,88,'Error est temporibus illum est tempora sunt. Beatae eaque doloribus pariatur accusantium repellat voluptatibus. Eum fuga explicabo eum sunt. Sint fuga dolor ipsa autem recusandae eius.',0,1,'2016-07-25 01:31:13'),(89,4,4,89,'Pariatur vel autem dolorum veritatis qui deserunt. Quod distinctio deserunt molestiae error expedita provident debitis ipsam. Quasi sint rem consequatur magnam fuga et. In similique vel dolorum cum qui.',0,0,'2016-04-06 07:49:25'),(90,7,23,90,'Et aperiam accusantium fuga voluptatibus. Laudantium tempora quas ipsum eum. Ullam blanditiis aut et vel ipsum iure facilis voluptatibus. Harum vitae a molestiae architecto labore numquam.',1,1,'2015-10-23 23:07:51'),(91,94,2,91,'Magni illo animi exercitationem. Iste est nostrum nostrum suscipit quasi hic. Animi quidem aut ut incidunt esse.',0,0,'2016-09-17 23:39:16'),(92,27,26,92,'Expedita maiores enim vitae facilis porro aut suscipit totam. Voluptatem dolores sed aut eum. Et vero voluptas placeat quia repellat ea.',0,1,'2019-12-17 18:10:27'),(93,50,73,93,'Quidem est qui ab sed et. Inventore minus sapiente ipsam. Deleniti dolor cum qui sunt corrupti. Voluptates quia neque blanditiis dolores in.',0,1,'2015-05-23 22:25:57'),(94,12,43,94,'Earum sit at voluptatibus in sit exercitationem. Sapiente nobis aut non qui et consequatur quo. Voluptatibus nisi ea cumque dolores eos totam perspiciatis. Sed ducimus error cumque eveniet harum adipisci.',0,0,'2016-10-15 04:34:13'),(95,75,49,95,'Quas necessitatibus est voluptatem dolorem iure. Qui rerum voluptas enim non sit. Ex aut quia debitis sed nulla. Quidem consequatur saepe non illo ullam.',1,1,'2012-12-27 16:59:56'),(96,19,48,96,'Nihil natus rerum reprehenderit quis impedit doloremque reprehenderit et. Temporibus ipsum et quisquam in et veritatis. Maxime porro iusto est. Asperiores ipsa ut similique rerum.',0,0,'2012-09-27 13:37:12'),(97,82,67,97,'Veritatis qui placeat distinctio eos saepe. Beatae in modi voluptates quo quod. Laboriosam nesciunt sint aut quaerat et est.',1,1,'2019-02-08 21:01:43'),(98,87,32,98,'Minima aut et modi et tenetur nemo provident autem. Molestias sit autem voluptatibus quaerat odio voluptas qui veritatis. Eveniet temporibus velit facere qui unde inventore doloremque illum. Omnis at in aliquam assumenda rerum distinctio consectetur.',1,1,'2017-04-18 04:06:47'),(99,1,8,99,'Deleniti maiores dolor voluptatibus similique. Aut alias deserunt dolorem. Consequatur labore nisi nemo accusantium quia praesentium officiis. Voluptas eos velit et et quo rerum sequi.',1,1,'2018-12-24 00:42:15'),(100,37,61,100,'Vel soluta iusto voluptatem atque laboriosam impedit enim. Consequatur quos veniam et quam odio molestiae. Ut voluptates sed dolores eius.',0,1,'2017-09-21 17:04:40');
/*!40000 ALTER TABLE `messages` ENABLE KEYS */;
UNLOCK TABLES;

--
-- Table structure for table `profiles`
--

DROP TABLE IF EXISTS `profiles`;
/*!40101 SET @saved_cs_client     = @@character_set_client */;
/*!50503 SET character_set_client = utf8mb4 */;
CREATE TABLE `profiles` (
  `user_id` int unsigned NOT NULL,
  `gender` char(1) DEFAULT NULL,
  `birthday` date DEFAULT NULL,
  `city` varchar(100) DEFAULT NULL,
  `country` varchar(100) DEFAULT NULL,
  `photo_id` int unsigned DEFAULT NULL,
  `created_at` datetime DEFAULT CURRENT_TIMESTAMP,
  `updated_at` datetime DEFAULT CURRENT_TIMESTAMP ON UPDATE CURRENT_TIMESTAMP,
  PRIMARY KEY (`user_id`)
) ENGINE=InnoDB DEFAULT CHARSET=utf8mb4 COLLATE=utf8mb4_0900_ai_ci;
/*!40101 SET character_set_client = @saved_cs_client */;

--
-- Dumping data for table `profiles`
--

LOCK TABLES `profiles` WRITE;
/*!40000 ALTER TABLE `profiles` DISABLE KEYS */;
INSERT INTO `profiles` VALUES (2,'m','1976-03-29','East Erikmouth','Ecuador',30,'2016-03-03 02:10:33','2018-07-12 07:00:26'),(3,'m','1976-10-13','New Dellport','Nigeria',97,'2015-11-04 07:28:47','2017-07-28 06:58:42'),(4,'m','1979-06-10','East Candace','Pakistan',22,'2012-05-10 16:38:33','2013-12-27 05:43:50'),(5,'m','1999-11-12','Leuschkefort','Romania',43,'2019-12-05 18:32:24','2017-04-19 02:41:33'),(7,'m','1976-11-12','East Donald','Cuba',33,'2017-08-12 01:03:23','2010-06-14 07:23:39'),(8,'f','1993-01-28','Lake Jacinthe','Saint Pierre and Miquelon',99,'2017-12-18 08:00:14','2017-03-16 23:12:38'),(9,'m','2016-12-18','North Oma','Sao Tome and Principe',55,'2013-09-07 16:42:30','2018-08-04 20:28:38'),(10,'f','2013-10-27','Yvonneview','Greenland',49,'2010-09-10 06:43:42','2018-04-08 17:26:53'),(13,'f','1972-12-15','North Santinachester','Mozambique',97,'2012-02-19 09:00:22','2015-08-30 08:14:31'),(14,'f','2015-07-07','Port Hattiehaven','Ireland',60,'2018-10-07 14:33:23','2015-07-22 00:50:45'),(15,'f','2016-07-09','Lake Benny','Antigua and Barbuda',96,'2016-04-18 05:28:15','2020-02-01 03:41:07'),(17,'m','1982-08-06','Port Nels','Uganda',40,'2017-05-19 09:59:18','2017-12-28 19:47:02'),(18,'f','2003-12-21','Alessiamouth','Saint Barthelemy',71,'2017-07-04 10:44:33','2014-12-17 16:22:12'),(19,'f','2015-03-31','Port Lavinia','Taiwan',71,'2010-10-30 02:39:49','2015-12-18 21:00:36'),(20,'m','1988-12-01','Whitefort','Canada',18,'2015-09-30 20:40:26','2014-03-16 08:50:52'),(21,'f','1986-07-18','Lake Talia','Mauritius',11,'2011-11-01 19:31:18','2020-04-02 06:13:10'),(22,'m','2015-02-20','Hermannton','Taiwan',10,'2010-09-18 18:05:16','2018-07-30 20:16:27'),(24,'m','1989-05-12','Kuvalisfort','Antigua and Barbuda',82,'2019-04-01 02:13:54','2017-09-20 02:42:48'),(25,'m','1982-10-30','East Andersonborough','Bouvet Island (Bouvetoya)',99,'2017-06-05 09:39:15','2017-10-22 18:23:27'),(28,'f','2001-02-16','West Fernando','Mexico',80,'2020-01-22 07:17:17','2013-05-12 11:24:45'),(29,'f','2008-11-30','Lake Trevionfurt','Christmas Island',1,'2018-01-27 03:24:12','2016-02-02 18:31:06'),(30,'f','2006-04-04','Myronville','Slovenia',15,'2011-08-27 07:39:34','2011-06-09 04:23:52'),(32,'f','2016-09-06','Smithview','Brunei Darussalam',14,'2012-09-06 22:48:33','2013-06-03 07:29:15'),(33,'m','1995-08-04','Kleinton','Nauru',2,'2018-12-11 19:26:04','2015-09-21 21:54:38'),(34,'f','2004-07-01','Lake Edgarton','Ghana',45,'2011-02-07 05:21:17','2019-02-01 03:50:27'),(35,'m','1996-04-15','Schmittchester','Belgium',42,'2012-03-15 03:53:54','2017-04-07 07:59:08'),(36,'m','2011-08-07','Cormierview','Sweden',97,'2016-12-08 19:34:54','2016-10-19 16:22:07'),(37,'f','1995-01-04','Citlalliview','Costa Rica',79,'2016-10-31 22:07:02','2017-09-29 07:10:40'),(38,'m','2018-03-26','Kuphalburgh','Bouvet Island (Bouvetoya)',95,'2011-04-11 16:02:59','2019-08-26 09:02:04'),(39,'f','1970-01-17','Selmerchester','Malta',2,'2014-06-05 15:05:41','2015-03-14 05:00:12'),(41,'m','1971-07-04','East Veda','Marshall Islands',96,'2012-06-07 21:31:55','2019-07-11 17:21:01'),(42,'m','2005-04-02','Kirstenburgh','Macedonia',17,'2011-01-23 15:23:37','2016-11-13 10:51:17'),(43,'f','1974-05-26','Shanahanland','Austria',4,'2015-12-10 23:35:11','2018-11-21 22:40:50'),(44,'f','2005-01-25','East Dannie','Indonesia',35,'2018-04-21 07:20:28','2010-08-01 22:28:07'),(47,'m','1996-12-15','Pricebury','Georgia',12,'2015-05-03 03:06:48','2019-06-03 20:45:08'),(48,'f','1985-07-16','West Lucienne','Uruguay',57,'2012-08-23 15:46:29','2012-07-09 06:46:45'),(50,'f','2006-06-08','Schillermouth','United Kingdom',22,'2019-01-03 16:22:27','2015-04-12 06:45:10'),(54,'m','2001-06-27','Hermanton','Netherlands',44,'2013-09-17 07:09:28','2019-06-25 21:51:23'),(55,'f','1972-10-18','East Mckenzietown','Kuwait',47,'2019-05-28 03:08:45','2019-06-01 17:03:20'),(56,'f','1985-05-05','Tyreekport','Malta',90,'2011-07-11 16:13:35','2010-12-05 18:10:13'),(58,'f','1978-11-13','Homenickhaven','Netherlands Antilles',68,'2017-08-05 18:59:36','2012-04-26 13:24:00'),(61,'f','2019-03-12','East Carlosview','Guinea',98,'2015-08-22 15:57:40','2017-04-28 21:26:53'),(62,'f','2017-08-18','Dibbertview','Dominican Republic',77,'2017-01-15 23:21:55','2019-07-16 14:16:36'),(64,'m','2018-05-30','South Anjaliburgh','Cuba',65,'2018-08-27 19:59:12','2013-02-26 03:08:54'),(65,'m','1987-09-28','O\'Harabury','Martinique',72,'2017-02-28 23:19:18','2018-04-05 09:13:39'),(66,'f','1973-10-28','South Torreyburgh','Poland',63,'2015-05-28 17:37:33','2016-09-04 06:46:49'),(67,'m','1994-04-08','East Jovany','Slovakia (Slovak Republic)',61,'2017-08-19 02:40:50','2019-03-13 10:05:15'),(68,'f','1974-02-09','Kozeyhaven','Tonga',1,'2020-01-26 04:55:43','2012-07-02 19:26:32'),(70,'m','2010-05-24','Ericborough','Nepal',39,'2019-05-04 18:50:57','2010-09-10 08:53:13'),(71,'f','2005-06-25','West Marilynemouth','Canada',65,'2011-03-01 13:12:49','2016-07-30 09:15:46'),(72,'m','1997-07-21','South Evangeline','Monaco',78,'2014-07-08 17:27:36','2018-03-30 17:43:42'),(73,'f','1976-02-10','East Maddison','Mayotte',58,'2018-11-05 00:39:52','2018-06-05 01:03:51'),(76,'m','1996-07-29','West Danielaberg','Palestinian Territory',96,'2020-04-05 04:21:36','2016-05-28 03:57:50'),(77,'f','1996-03-03','West Dianaview','Norfolk Island',51,'2019-06-09 20:18:38','2012-10-19 20:34:12'),(78,'f','1984-12-20','Clydemouth','Central African Republic',8,'2015-08-23 06:59:25','2015-09-30 17:49:20'),(79,'f','2018-02-17','New Eleazarton','Botswana',28,'2011-03-13 22:18:13','2012-09-28 05:04:18'),(81,'f','2019-04-25','North Gabemouth','Eritrea',41,'2013-02-24 22:16:02','2015-09-01 15:36:44'),(82,'m','1974-11-29','Ratkeville','Liberia',46,'2018-07-27 22:25:32','2018-11-19 22:25:53'),(85,'f','1986-06-04','Hegmannport','Botswana',29,'2011-10-26 08:22:35','2011-04-10 13:51:57'),(87,'m','1972-06-29','North Anaside','Mayotte',63,'2010-05-14 03:14:57','2020-01-05 16:57:22'),(88,'m','2008-02-19','West Emmymouth','Niue',14,'2014-02-26 17:03:10','2017-12-31 00:04:20'),(89,'f','1981-03-10','New Jeradborough','Mayotte',5,'2010-10-01 02:15:12','2011-06-04 10:32:48'),(91,'f','1975-08-07','Lake Luciano','Albania',66,'2010-06-21 00:01:59','2016-08-15 11:31:27'),(93,'m','2008-03-13','Bayerburgh','Nigeria',75,'2013-02-03 06:15:06','2015-11-18 02:21:19'),(94,'f','1993-01-08','Lulufurt','Bangladesh',27,'2013-03-31 23:18:36','2014-08-16 14:49:07'),(100,'m','1992-04-08','Monahaven','Solomon Islands',21,'2018-11-05 02:10:58','2014-01-27 05:44:19');
/*!40000 ALTER TABLE `profiles` ENABLE KEYS */;
UNLOCK TABLES;

--
-- Table structure for table `users`
--

DROP TABLE IF EXISTS `users`;
/*!40101 SET @saved_cs_client     = @@character_set_client */;
/*!50503 SET character_set_client = utf8mb4 */;
CREATE TABLE `users` (
  `id` int unsigned NOT NULL AUTO_INCREMENT,
  `first_name` varchar(100) NOT NULL,
  `last_name` varchar(100) NOT NULL,
  `email` varchar(100) NOT NULL,
  `phone` varchar(100) NOT NULL,
  `created_at` datetime DEFAULT CURRENT_TIMESTAMP,
  `updated_at` datetime DEFAULT CURRENT_TIMESTAMP ON UPDATE CURRENT_TIMESTAMP,
  PRIMARY KEY (`id`),
  UNIQUE KEY `email` (`email`),
  UNIQUE KEY `phone` (`phone`)
) ENGINE=InnoDB AUTO_INCREMENT=101 DEFAULT CHARSET=utf8mb4 COLLATE=utf8mb4_0900_ai_ci;
/*!40101 SET character_set_client = @saved_cs_client */;

--
-- Dumping data for table `users`
--

LOCK TABLES `users` WRITE;
/*!40000 ALTER TABLE `users` DISABLE KEYS */;
INSERT INTO `users` VALUES (1,'Marvin','Heidenreich','funk.hayden@example.net','735.802.0306x7972','2015-04-09 19:41:24','2019-05-23 15:01:20'),(2,'Zakary','Gerhold','helga92@example.net','(993)532-8740','2013-06-26 14:52:05','2020-04-27 00:51:30'),(3,'Rahsaan','Huel','cruickshank.camille@example.net','943-669-1829x616','2013-11-03 02:59:28','2018-10-10 16:51:43'),(4,'Meggie','Halvorson','kianna.murphy@example.org','412.260.6971x3352','2011-06-18 07:02:37','2016-10-25 09:07:18'),(5,'Kevin','Hilpert','jaiden.kuphal@example.com','698.444.4994','2016-09-04 23:32:53','2020-04-27 00:51:30'),(6,'Manley','Nader','murphy.rodrick@example.com','749-824-7928x8651','2013-10-03 05:54:56','2017-11-14 22:44:49'),(7,'Antonette','Maggio','murphy42@example.com','147-761-1237x3313','2020-02-15 19:36:29','2020-04-27 00:51:30'),(8,'Donald','Flatley','hpaucek@example.net','605-582-0270x391','2015-06-05 03:38:06','2017-01-12 14:07:47'),(9,'Tavares','Schuster','wuckert.marguerite@example.com','(278)047-2297x6428','2019-06-12 20:06:49','2020-04-27 00:51:30'),(10,'Sylvester','Hansen','blanda.keon@example.net','06479094179','2015-10-10 08:38:35','2020-04-27 00:51:30'),(11,'Camren','Herzog','keaton.king@example.com','256-410-5252x90274','2012-06-07 17:50:08','2017-03-15 10:26:31'),(12,'Westley','Marvin','dokuneva@example.org','(939)209-6928x8492','2014-01-26 14:18:14','2017-03-24 07:13:51'),(13,'Savanna','Nikolaus','rodger19@example.net','07329274984','2018-11-14 20:53:03','2020-04-27 00:51:30'),(14,'Mason','Jakubowski','elna51@example.net','(405)344-2805','2018-11-02 09:27:38','2020-04-27 00:51:30'),(15,'Marta','Buckridge','kuhn.alexandre@example.org','(483)435-2940x13564','2018-12-07 23:48:35','2020-04-27 00:51:30'),(16,'Cade','Lockman','ylittle@example.com','564.887.1110','2020-04-09 12:22:04','2020-04-27 00:51:30'),(17,'Nelle','Blanda','garret85@example.net','586-577-7471x0827','2019-11-01 08:14:02','2020-04-27 00:51:30'),(18,'Stephany','Cole','volkman.rollin@example.com','119-597-5022','2011-10-06 00:00:06','2015-03-19 04:07:37'),(19,'Mckenna','Kassulke','javon19@example.net','183.252.1939x013','2018-12-20 16:10:33','2020-04-27 00:51:30'),(20,'Christopher','Terry','blick.joey@example.com','(698)652-0741','2012-05-16 21:14:58','2019-07-25 18:12:29'),(21,'Blaze','Hartmann','ufay@example.com','796-320-5422','2017-12-25 06:25:47','2020-04-27 00:51:30'),(22,'Vita','Parisian','emmalee.cremin@example.com','01793141115','2016-09-01 04:53:14','2020-04-13 11:58:34'),(23,'Beverly','Abernathy','norris02@example.net','(213)355-0096x4204','2019-04-28 01:54:28','2020-02-29 05:31:48'),(24,'Richmond','O\'Keefe','ichristiansen@example.net','804-676-4881','2010-08-02 21:08:10','2015-12-02 05:27:22'),(25,'Cory','Mills','vsenger@example.net','(780)178-7281x5234','2017-01-28 18:49:47','2017-10-03 05:41:41'),(26,'Douglas','Pacocha','tom.kling@example.net','(553)753-7183x4343','2012-02-27 13:36:35','2019-09-03 19:50:04'),(27,'Florine','Cronin','garfield.ritchie@example.org','983.290.0465x829','2012-07-16 03:22:32','2013-10-05 14:36:55'),(28,'Torrance','Kuphal','skylar62@example.com','(764)977-0193x3299','2019-09-19 02:21:38','2020-04-27 00:51:30'),(29,'Rowland','Stark','leola.boyle@example.net','319.614.1057x9727','2016-10-02 01:45:28','2020-04-27 00:51:30'),(30,'Wava','Nader','rweissnat@example.net','1-414-459-3212','2019-02-26 15:07:55','2020-04-27 00:51:30'),(31,'Bryce','McLaughlin','jayde.rolfson@example.com','387.555.4343','2020-02-27 07:08:05','2020-04-27 00:51:30'),(32,'Alessandra','Rippin','little.jeanne@example.org','01808583127','2019-06-04 21:12:52','2020-04-27 00:51:30'),(33,'Alexander','Daugherty','flatley.emie@example.net','04872554889','2011-03-07 15:58:04','2012-10-08 00:10:21'),(34,'Royal','Walsh','gusikowski.justine@example.net','1-689-180-0467','2014-11-16 22:53:12','2020-04-27 00:51:30'),(35,'Demond','Brekke','megane35@example.org','210.701.6658x17674','2011-06-16 14:54:29','2012-12-02 08:13:29'),(36,'Gonzalo','Hettinger','sstark@example.org','+46(1)4080805179','2018-09-23 21:13:28','2019-04-14 07:09:04'),(37,'Theo','Morissette','dasia83@example.org','282.523.5465x746','2017-07-05 03:41:09','2019-12-06 03:36:49'),(38,'Bonnie','O\'Conner','myles.schinner@example.net','02318187149','2019-11-05 12:37:20','2020-04-27 00:51:30'),(39,'Eulah','Jast','aliyah.carroll@example.com','364.587.0385x24762','2020-01-05 02:43:32','2020-04-27 00:51:30'),(40,'Daisha','Ankunding','wuckert.bernie@example.com','1-471-986-3736x56614','2016-07-23 04:09:54','2020-04-27 00:51:30'),(41,'Mavis','Hand','sedrick.mayer@example.com','(331)887-0917x77423','2012-02-06 04:52:19','2012-08-29 21:36:24'),(42,'Lee','Yundt','jrogahn@example.org','(636)447-3966','2010-11-03 16:02:38','2018-11-25 12:25:18'),(43,'Aron','Erdman','block.maximilian@example.com','212.269.1026x24820','2015-12-19 16:02:00','2017-10-17 23:19:18'),(44,'Jaycee','Olson','fabian36@example.org','+05(3)3835165119','2016-12-28 02:44:18','2020-04-18 03:44:13'),(45,'Kavon','Boehm','lamont.o\'conner@example.com','938-668-0551x1187','2010-10-08 08:54:22','2015-10-24 16:51:43'),(46,'Cameron','Runolfsdottir','torrey37@example.net','016-584-5949x61812','2012-05-12 14:12:13','2020-04-27 00:51:30'),(47,'Edd','Price','amanda.schuster@example.org','(327)930-3426','2020-01-18 22:56:30','2020-04-27 00:51:30'),(48,'Rodger','Dooley','xmayert@example.net','114-371-2551','2013-01-28 21:37:32','2016-05-07 12:45:01'),(49,'Mathew','Lesch','o\'conner.elenor@example.org','1-468-635-6544x14057','2013-11-20 00:47:04','2018-11-04 22:12:54'),(50,'Clifton','Lind','jalen00@example.org','333.561.3154x49238','2015-05-10 07:01:52','2020-04-27 00:51:30'),(51,'Josephine','Romaguera','elroy70@example.com','(713)709-0649x65370','2015-07-04 04:21:39','2016-12-29 13:12:39'),(52,'Margarette','Stroman','della.rolfson@example.net','1-402-842-0485x835','2016-12-12 13:29:50','2020-04-27 00:51:30'),(53,'Macey','Bergstrom','growe@example.com','1-514-801-4090','2012-08-12 02:26:02','2020-04-27 00:51:30'),(54,'Katelin','O\'Conner','hyatt.clarabelle@example.org','461.028.0577x92159','2014-03-07 19:29:54','2019-04-02 21:21:25'),(55,'Bessie','Will','brooke.fadel@example.com','896-956-4283x8100','2011-06-02 23:09:43','2013-02-19 02:48:26'),(56,'Lori','Effertz','swaters@example.net','1-447-304-2358x0508','2013-07-22 04:17:42','2018-07-14 14:20:54'),(57,'Ardith','Labadie','kherzog@example.com','1-061-102-4692x35390','2015-03-17 13:20:15','2018-08-02 13:43:30'),(58,'Rex','Kilback','kovacek.zaria@example.net','(493)955-0567x762','2013-11-13 20:09:20','2018-07-04 15:01:44'),(59,'Antonette','Ernser','ostehr@example.com','237-556-4446','2013-01-17 15:22:56','2019-05-26 22:58:49'),(60,'Koby','Stroman','xheidenreich@example.com','506.986.3038x51039','2015-09-29 02:50:57','2017-02-05 06:33:16'),(61,'Delta','Schimmel','abernathy.jude@example.net','063.369.4794','2013-11-09 16:26:58','2020-04-27 00:51:30'),(62,'Dusty','Feest','vkoch@example.net','1-958-425-0441','2014-05-07 12:56:07','2018-01-21 21:48:10'),(63,'Alia','King','utorp@example.com','1-783-008-9413x237','2014-10-31 15:05:37','2020-04-27 00:51:30'),(64,'Chanelle','Kozey','jesse.braun@example.net','225.647.8086x8613','2017-07-15 16:50:36','2020-04-27 00:51:30'),(65,'Leslie','Turner','farrell.shaina@example.org','02456994570','2017-05-29 03:45:31','2018-05-27 10:30:34'),(66,'Kaylee','Wilderman','myles.berge@example.org','652-959-0918','2015-06-17 11:09:59','2020-04-27 00:51:30'),(67,'Terry','Batz','lilyan00@example.com','1-763-787-5096x095','2016-10-23 12:53:08','2020-04-27 00:51:30'),(68,'Jabari','Kirlin','keebler.ariane@example.net','046.991.0964','2017-10-28 06:50:46','2020-04-27 00:51:30'),(69,'Lenna','Ziemann','gkozey@example.net','+86(2)1404008151','2012-11-28 02:34:45','2020-04-27 00:51:30'),(70,'Damian','Casper','dooley.hollie@example.net','557.183.3294x86294','2011-10-08 00:21:36','2015-03-23 20:22:30'),(71,'Viola','Haag','twilliamson@example.org','304-944-8551x634','2012-08-03 02:52:26','2017-01-29 10:34:42'),(72,'Kaitlin','Kshlerin','jfisher@example.net','374.941.3552x11718','2018-02-25 00:09:03','2020-04-27 00:51:30'),(73,'Hattie','Hartmann','lola.ruecker@example.net','1-259-652-6896','2012-04-21 12:36:27','2020-04-27 00:51:30'),(74,'Kathleen','Jast','tlangworth@example.com','1-801-548-7505x53421','2016-06-30 06:38:42','2020-04-27 00:51:30'),(75,'Peggie','Bradtke','ufadel@example.com','855-597-3559x463','2014-01-26 18:36:08','2020-04-27 00:51:30'),(76,'Muriel','Greenholt','tgoldner@example.org','1-182-695-5940x3308','2014-06-29 03:31:04','2017-07-02 17:31:19'),(77,'Romaine','Roob','lilly71@example.com','618-834-0060x37745','2016-08-09 15:29:39','2020-04-27 00:51:30'),(78,'Carlotta','Yundt','carleton.hammes@example.com','(819)383-0570x28965','2014-11-21 13:24:35','2020-04-27 00:51:30'),(79,'Mozell','Kunde','aweber@example.com','031.663.8032','2018-09-23 09:52:20','2020-04-27 00:51:30'),(80,'Rory','Willms','xweissnat@example.net','05278808773','2011-09-12 04:43:49','2018-10-12 14:57:27'),(81,'Neal','Schneider','ykoelpin@example.net','1-723-528-7675','2017-11-21 23:37:52','2020-04-27 00:51:30'),(82,'Emerald','McLaughlin','javon.kulas@example.com','804.784.1950','2015-02-28 05:26:46','2016-07-23 03:51:46'),(83,'Marisol','Schmeler','greta.mckenzie@example.org','488-878-9275','2015-06-07 06:18:06','2020-04-27 00:51:30'),(84,'Brooklyn','VonRueden','anderson26@example.org','01884247502','2018-01-26 03:13:09','2020-04-27 00:51:30'),(85,'Augustus','Crist','darrick.eichmann@example.org','(628)016-4601x742','2016-05-12 13:07:23','2020-04-27 00:51:30'),(86,'Maximo','Conn','alexys.pagac@example.org','058.195.1702x74539','2012-12-02 22:39:38','2015-05-31 04:28:37'),(87,'Noemie','Hermiston','gleichner.earline@example.org','1-009-920-3564x6443','2014-06-13 05:16:35','2019-05-02 14:12:41'),(88,'Isac','O\'Hara','karson.johnston@example.net','(783)094-7412x5396','2019-10-05 13:50:11','2020-04-27 00:51:30'),(89,'Jackie','Aufderhar','xavier.hickle@example.net','221.803.2522','2019-07-05 01:51:42','2020-04-27 00:51:30'),(90,'Elaina','Durgan','lottie.ernser@example.com','(995)819-2110x8138','2011-02-06 01:40:23','2017-02-26 12:52:56'),(91,'Logan','Koch','kenny24@example.net','(017)441-9991','2016-10-05 15:59:36','2020-04-27 00:51:30'),(92,'Ezra','Hoppe','kohler.mariano@example.net','853.290.7812','2014-06-30 17:55:08','2019-01-29 17:51:43'),(93,'Julio','Hessel','kstehr@example.net','103.418.4246','2017-03-06 00:05:58','2020-04-27 00:51:30'),(94,'Janiya','Pacocha','xpurdy@example.com','1-135-373-2517x84150','2015-09-29 03:28:47','2020-01-02 04:11:07'),(95,'Werner','White','qgleason@example.org','027-618-6019x131','2014-10-12 07:15:31','2019-06-06 10:04:02'),(96,'Berneice','Bednar','mcglynn.jazmyne@example.org','+58(5)9524919377','2012-09-05 22:16:24','2020-04-27 00:51:30'),(97,'Christy','West','eric.kilback@example.net','(571)528-4261','2011-08-23 12:01:59','2020-02-22 13:38:37'),(98,'Cecile','Crist','heathcote.uriah@example.net','314-383-9561x4224','2019-10-21 00:47:01','2020-04-27 00:51:30'),(99,'Clarissa','Spinka','evie48@example.com','+30(4)1020456986','2016-08-08 21:44:40','2017-10-27 06:11:58'),(100,'Austin','Lemke','madonna.lemke@example.org','(190)412-5725','2016-08-14 01:06:06','2020-04-27 00:51:30');
/*!40000 ALTER TABLE `users` ENABLE KEYS */;
UNLOCK TABLES;
/*!40103 SET TIME_ZONE=@OLD_TIME_ZONE */;

/*!40101 SET SQL_MODE=@OLD_SQL_MODE */;
/*!40014 SET FOREIGN_KEY_CHECKS=@OLD_FOREIGN_KEY_CHECKS */;
/*!40014 SET UNIQUE_CHECKS=@OLD_UNIQUE_CHECKS */;
/*!40101 SET CHARACTER_SET_CLIENT=@OLD_CHARACTER_SET_CLIENT */;
/*!40101 SET CHARACTER_SET_RESULTS=@OLD_CHARACTER_SET_RESULTS */;
/*!40101 SET COLLATION_CONNECTION=@OLD_COLLATION_CONNECTION */;
/*!40111 SET SQL_NOTES=@OLD_SQL_NOTES */;

-- Dump completed on 2020-04-27 17:16:38
